Postcode,Council+Other Social (Count),Council+Other Social (%),Owned (Count),Owned (%),Shared Ownership (Count),Shared Ownership (%),Private Landlord (Count),Private Landlord (%)
CF24 2FB,150,88.76%,9,5.33%,0,0.00%,5,2.96%
CF24 2ED,150,88.76%,9,5.33%,0,0.00%,5,2.96%
CF24 2EB,150,88.76%,9,5.33%,0,0.00%,5,2.96%
CF24 2DZ,150,88.76%,9,5.33%,0,0.00%,5,2.96%
CF24 2BT,150,88.76%,9,5.33%,0,0.00%,5,2.96%
CF24 2FU,44,86.27%,3,5.88%,0,0.00%,3,5.88%
CF24 2FL,44,86.27%,3,5.88%,0,0.00%,3,5.88%
CF24 2RX,70,83.33%,2,2.38%,1,1.19%,11,13.10%
CF24 2YE,87,78.38%,20,18.02%,0,0.00%,4,3.60%
CF24 2TS,87,78.38%,20,18.02%,0,0.00%,4,3.60%
CF24 2TR,87,78.38%,20,18.02%,0,0.00%,4,3.60%
CF24 2HJ,87,78.38%,20,18.02%,0,0.00%,4,3.60%
CF24 2HH,87,78.38%,20,18.02%,0,0.00%,4,3.60%
CF24 2HG,87,78.38%,20,18.02%,0,0.00%,4,3.60%
CF24 2FY,112,75.17%,15,10.07%,1,0.67%,13,8.72%
CF24 2FT,112,75.17%,15,10.07%,1,0.67%,13,8.72%
CF24 2TQ,70,70.71%,11,11.11%,0,0.00%,18,18.18%
CF24 2TL,70,70.71%,11,11.11%,0,0.00%,18,18.18%
CF24 2TJ,70,70.71%,11,11.11%,0,0.00%,18,18.18%
CF24 2SB,67,59.29%,37,32.74%,0,0.00%,4,3.54%
CF24 2QW,67,59.29%,37,32.74%,0,0.00%,4,3.54%
CF24 2QU,67,59.29%,37,32.74%,0,0.00%,4,3.54%
CF24 2QT,67,59.29%,37,32.74%,0,0.00%,4,3.54%
CF24 2HF,79,56.83%,26,18.71%,0,0.00%,34,24.46%
CF24 2HE,79,56.83%,26,18.71%,0,0.00%,34,24.46%
CF24 2HA,79,56.83%,26,18.71%,0,0.00%,34,24.46%
CF24 2DE,81,46.29%,56,32.00%,1,0.57%,26,14.86%
CF24 2BP,81,46.29%,56,32.00%,1,0.57%,26,14.86%
CF24 2BF,81,46.29%,56,32.00%,1,0.57%,26,14.86%
CF24 2AX,81,46.29%,56,32.00%,1,0.57%,26,14.86%
CF24 2AW,81,46.29%,56,32.00%,1,0.57%,26,14.86%
CF24 2AU,81,46.29%,56,32.00%,1,0.57%,26,14.86%
CF24 2AT,81,46.29%,56,32.00%,1,0.57%,26,14.86%
CF24 2AS,81,46.29%,56,32.00%,1,0.57%,26,14.86%
CF24 2AD,81,46.29%,56,32.00%,1,0.57%,26,14.86%
CF24 2EZ,98,45.16%,34,15.67%,1,0.46%,69,31.80%
CF24 2EW,98,45.16%,34,15.67%,1,0.46%,69,31.80%
CF24 2ER,98,45.16%,34,15.67%,1,0.46%,69,31.80%
CF24 2EQ,98,45.16%,34,15.67%,1,0.46%,69,31.80%
CF24 2EL,98,45.16%,34,15.67%,1,0.46%,69,31.80%
CF24 2TE,52,42.28%,47,38.21%,0,0.00%,23,18.70%
CF24 2TB,52,42.28%,47,38.21%,0,0.00%,23,18.70%
CF24 2SZ,52,42.28%,47,38.21%,0,0.00%,23,18.70%
CF24 2SS,52,42.28%,47,38.21%,0,0.00%,23,18.70%
CF24 2TY,59,41.84%,61,43.26%,0,0.00%,17,12.06%
CF24 2RZ,59,41.84%,61,43.26%,0,0.00%,17,12.06%
CF24 2RT,59,41.84%,61,43.26%,0,0.00%,17,12.06%
CF24 2RS,59,41.84%,61,43.26%,0,0.00%,17,12.06%
CF24 2RR,59,41.84%,61,43.26%,0,0.00%,17,12.06%
CF24 2RQ,59,41.84%,61,43.26%,0,0.00%,17,12.06%
CF24 2RU,59,41.26%,60,41.96%,0,0.00%,17,11.89%
CF24 2TD,49,38.89%,49,38.89%,0,0.00%,19,15.08%
CF24 2TA,49,38.89%,49,38.89%,0,0.00%,19,15.08%
CF24 2SY,49,38.89%,49,38.89%,0,0.00%,19,15.08%
CF24 2SX,49,38.89%,49,38.89%,0,0.00%,19,15.08%
CF24 2SR,49,38.89%,49,38.89%,0,0.00%,19,15.08%
CF24 2FN,26,37.68%,1,1.45%,0,0.00%,40,57.97%
CF24 2AL,48,36.92%,46,35.38%,0,0.00%,32,24.62%
CF24 2AJ,48,36.92%,46,35.38%,0,0.00%,32,24.62%
CF24 2AH,48,36.92%,46,35.38%,0,0.00%,32,24.62%
CF24 2AG,48,36.92%,46,35.38%,0,0.00%,32,24.62%
CF24 2AF,48,36.92%,46,35.38%,0,0.00%,32,24.62%
CF24 2AE,48,36.92%,46,35.38%,0,0.00%,32,24.62%
CF24 2AA,48,36.92%,46,35.38%,0,0.00%,32,24.62%
CF24 2TF,40,35.71%,57,50.89%,1,0.89%,12,10.71%
CF24 2SU,40,35.71%,57,50.89%,1,0.89%,12,10.71%
CF24 2ST,40,35.71%,57,50.89%,1,0.89%,12,10.71%
CF24 2SN,40,35.71%,57,50.89%,1,0.89%,12,10.71%
CF24 2LY,40,35.09%,49,42.98%,0,0.00%,23,20.18%
CF24 2LW,40,35.09%,49,42.98%,0,0.00%,23,20.18%
CF24 2EJ,52,31.33%,62,37.35%,0,0.00%,50,30.12%
CF24 2DU,52,31.33%,62,37.35%,0,0.00%,50,30.12%
CF24 2DS,52,31.33%,62,37.35%,0,0.00%,50,30.12%
CF24 2DQ,52,31.33%,62,37.35%,0,0.00%,50,30.12%
CF24 2BS,52,31.33%,62,37.35%,0,0.00%,50,30.12%
CF24 2BE,52,31.33%,62,37.35%,0,0.00%,50,30.12%
CF24 2BB,52,31.33%,62,37.35%,0,0.00%,50,30.12%
CF24 2TZ,52,30.95%,66,39.29%,0,0.00%,47,27.98%
CF24 2RL,52,30.95%,66,39.29%,0,0.00%,47,27.98%
CF24 2RJ,52,30.95%,66,39.29%,0,0.00%,47,27.98%
CF24 2RH,52,30.95%,66,39.29%,0,0.00%,47,27.98%
CF24 2RG,52,30.95%,66,39.29%,0,0.00%,47,27.98%
CF24 2RF,52,30.95%,66,39.29%,0,0.00%,47,27.98%
CF24 2RB,52,30.95%,66,39.29%,0,0.00%,47,27.98%
CF24 2RA,52,30.95%,66,39.29%,0,0.00%,47,27.98%
CF24 2AR,48,30.19%,44,27.67%,1,0.63%,62,38.99%
CF24 2AQ,48,30.19%,44,27.67%,1,0.63%,62,38.99%
CF24 2AP,48,30.19%,44,27.67%,1,0.63%,62,38.99%
CF24 2AN,48,30.19%,44,27.67%,1,0.63%,62,38.99%
CF24 2AB,48,30.19%,44,27.67%,1,0.63%,62,38.99%
CF24 2RW,37,29.60%,61,48.80%,1,0.80%,22,17.60%
CF24 2RE,37,29.60%,61,48.80%,1,0.80%,22,17.60%
CF24 2QZ,37,29.60%,61,48.80%,1,0.80%,22,17.60%
CF24 2QX,42,29.17%,72,50.00%,0,0.00%,26,18.06%
CF24 2JW,42,28.00%,41,27.33%,1,0.67%,59,39.33%
CF24 2EA,42,28.00%,41,27.33%,1,0.67%,59,39.33%
CF24 2DF,42,28.00%,41,27.33%,1,0.67%,59,39.33%
CF24 2DA,42,28.00%,41,27.33%,1,0.67%,59,39.33%
CF24 2BZ,42,28.00%,41,27.33%,1,0.67%,59,39.33%
CF24 2BW,42,28.00%,41,27.33%,1,0.67%,59,39.33%
CF24 2BU,42,28.00%,41,27.33%,1,0.67%,59,39.33%
CF24 2BN,42,28.00%,41,27.33%,1,0.67%,59,39.33%
CF24 2YZ,40,23.81%,94,55.95%,2,1.19%,31,18.45%
CF24 2XN,40,23.81%,94,55.95%,2,1.19%,31,18.45%
CF24 2WR,40,23.81%,94,55.95%,2,1.19%,31,18.45%
CF24 2SG,34,23.29%,78,53.42%,1,0.68%,31,21.23%
CF24 2LS,34,23.29%,78,53.42%,1,0.68%,31,21.23%
CF24 2FE,34,23.29%,78,53.42%,1,0.68%,31,21.23%
CF24 2ES,29,23.02%,74,58.73%,0,0.00%,21,16.67%
CF24 2EN,29,23.02%,74,58.73%,0,0.00%,21,16.67%
CF24 2EH,29,23.02%,74,58.73%,0,0.00%,21,16.67%
CF24 2EE,29,23.02%,74,58.73%,0,0.00%,21,16.67%
CF24 2DN,29,23.02%,74,58.73%,0,0.00%,21,16.67%
CF24 2DB,29,23.02%,74,58.73%,0,0.00%,21,16.67%
CF24 2JU,34,22.97%,93,62.84%,0,0.00%,18,12.16%
CF24 2JN,34,22.97%,93,62.84%,0,0.00%,18,12.16%
CF24 2JL,34,22.97%,93,62.84%,0,0.00%,18,12.16%
CF24 2EU,34,22.97%,93,62.84%,0,0.00%,18,12.16%
CF24 2DD,34,22.97%,93,62.84%,0,0.00%,18,12.16%
CF24 2BY,34,22.97%,93,62.84%,0,0.00%,18,12.16%
CF24 2BX,34,22.97%,93,62.84%,0,0.00%,18,12.16%
CF24 2DG,32,22.70%,80,56.74%,0,0.00%,26,18.44%
CF24 2BH,32,22.70%,80,56.74%,0,0.00%,26,18.44%
CF24 2BD,32,22.70%,80,56.74%,0,0.00%,26,18.44%
CF24 2BA,32,22.70%,80,56.74%,0,0.00%,26,18.44%
CF24 2AZ,32,22.70%,80,56.74%,0,0.00%,26,18.44%
CF24 2AY,32,22.70%,80,56.74%,0,0.00%,26,18.44%
CF24 2SW,23,22.55%,64,62.75%,0,0.00%,15,14.71%
CF24 2SL,23,22.55%,64,62.75%,0,0.00%,15,14.71%
CF24 2SJ,23,22.55%,64,62.75%,0,0.00%,15,14.71%
CF24 2SH,23,22.55%,64,62.75%,0,0.00%,15,14.71%
CF24 2JX,28,18.30%,98,64.05%,0,0.00%,22,14.38%
CF24 2JT,28,18.30%,98,64.05%,0,0.00%,22,14.38%
CF24 2JR,28,18.30%,98,64.05%,0,0.00%,22,14.38%
CF24 2UA,30,17.65%,54,31.76%,2,1.18%,77,45.29%
CF24 2TT,30,17.65%,54,31.76%,2,1.18%,77,45.29%
CF24 2TN,30,17.65%,54,31.76%,2,1.18%,77,45.29%
CF24 2TH,30,17.65%,54,31.76%,2,1.18%,77,45.29%
CF24 2EG,22,17.46%,69,54.76%,0,0.00%,27,21.43%
CF24 2DY,22,17.46%,69,54.76%,0,0.00%,27,21.43%
CF24 2DX,22,17.46%,69,54.76%,0,0.00%,27,21.43%
CF24 2DW,22,17.46%,69,54.76%,0,0.00%,27,21.43%
CF24 2DL,22,17.46%,69,54.76%,0,0.00%,27,21.43%
CF24 2BL,22,17.46%,69,54.76%,0,0.00%,27,21.43%
CF24 2BG,22,17.46%,69,54.76%,0,0.00%,27,21.43%
CF24 2SA,21,17.07%,76,61.79%,0,0.00%,21,17.07%
CF24 2RP,21,17.07%,76,61.79%,0,0.00%,21,17.07%
CF24 2HP,21,17.07%,76,61.79%,0,0.00%,21,17.07%
CF24 2HN,21,17.07%,76,61.79%,0,0.00%,21,17.07%
CF24 2HL,21,17.07%,76,61.79%,0,0.00%,21,17.07%
CF24 2HB,21,17.07%,76,61.79%,0,0.00%,21,17.07%
CF24 2DT,21,16.41%,74,57.81%,0,0.00%,30,23.44%
CF24 2DR,21,16.41%,74,57.81%,0,0.00%,30,23.44%
CF24 2DP,21,16.41%,74,57.81%,0,0.00%,30,23.44%
CF24 2DJ,21,16.41%,74,57.81%,0,0.00%,30,23.44%
CF24 2DH,21,16.41%,74,57.81%,0,0.00%,30,23.44%
CF24 2BJ,21,16.41%,74,57.81%,0,0.00%,30,23.44%
CF24 2LT,19,13.38%,97,68.31%,0,0.00%,22,15.49%
CF24 2JP,19,13.38%,97,68.31%,0,0.00%,22,15.49%
CF24 2LU,19,13.29%,78,54.55%,2,1.40%,38,26.57%
CF24 2JQ,19,13.29%,78,54.55%,2,1.40%,38,26.57%
CF24 2EY,19,13.29%,78,54.55%,2,1.40%,38,26.57%
CF24 2EX,19,13.29%,78,54.55%,2,1.40%,38,26.57%
CF24 2ET,19,13.29%,78,54.55%,2,1.40%,38,26.57%
CF24 2EP,19,13.29%,78,54.55%,2,1.40%,38,26.57%
CF24 2NA,15,11.11%,79,58.52%,0,0.00%,35,25.93%
CF24 2LX,12,9.52%,79,62.70%,0,0.00%,30,23.81%
CF24 2JS,10,7.94%,87,69.05%,0,0.00%,26,20.63%
CF24 2TG,8,7.02%,87,76.32%,0,0.00%,17,14.91%
CF24 2SQ,8,7.02%,87,76.32%,0,0.00%,17,14.91%
CF24 2SP,8,7.02%,87,76.32%,0,0.00%,17,14.91%
CF24 2RD,8,7.02%,87,76.32%,0,0.00%,17,14.91%
CF24 2QY,8,7.02%,87,76.32%,0,0.00%,17,14.91%
CF24 2TX,9,6.34%,64,45.07%,0,0.00%,65,45.77%
CF24 2SF,9,6.34%,64,45.07%,0,0.00%,65,45.77%
CF24 2RY,9,6.34%,64,45.07%,0,0.00%,65,45.77%
CF24 2EF,4,6.25%,39,60.94%,0,0.00%,20,31.25%
CF24 2TW,3,2.21%,91,66.91%,0,0.00%,37,27.21%
CF24 2TU,3,2.21%,91,66.91%,0,0.00%,37,27.21%
CF24 2TP,3,2.21%,91,66.91%,0,0.00%,37,27.21%
CF24 2UD,2,1.77%,81,71.68%,0,0.00%,26,23.01%
CF24 2SE,2,1.77%,81,71.68%,0,0.00%,26,23.01%
CF24 2RN,2,1.77%,81,71.68%,0,0.00%,26,23.01%
CF24 2JY,Error,Error,Error,Error,Error,Error,Error,Error
CF24 2JZ,Error,Error,Error,Error,Error,Error,Error,Error
CF24 2LA,Error,Error,Error,Error,Error,Error,Error,Error
CF24 2LB,Error,Error,Error,Error,Error,Error,Error,Error
CF24 2LD,Error,Error,Error,Error,Error,Error,Error,Error
CF24 2LE,Error,Error,Error,Error,Error,Error,Error,Error
CF24 2LF,Error,Error,Error,Error,Error,Error,Error,Error
CF24 2LG,Error,Error,Error,Error,Error,Error,Error,Error
CF24 2LH,Error,Error,Error,Error,Error,Error,Error,Error
CF24 2LJ,Error,Error,Error,Error,Error,Error,Error,Error
CF24 2LL,Error,Error,Error,Error,Error,Error,Error,Error
CF24 2LN,Error,Error,Error,Error,Error,Error,Error,Error
CF24 2LP,Error,Error,Error,Error,Error,Error,Error,Error
CF24 2LQ,Error,Error,Error,Error,Error,Error,Error,Error
CF24 2LR,Error,Error,Error,Error,Error,Error,Error,Error
CF24 2NB,Error,Error,Error,Error,Error,Error,Error,Error
CF24 2ND,Error,Error,Error,Error,Error,Error,Error,Error
CF24 2NE,Error,Error,Error,Error,Error,Error,Error,Error
CF24 2NF,Error,Error,Error,Error,Error,Error,Error,Error
CF24 2NG,Error,Error,Error,Error,Error,Error,Error,Error
CF24 2NH,Error,Error,Error,Error,Error,Error,Error,Error
CF24 2NJ,Error,Error,Error,Error,Error,Error,Error,Error
CF24 2NL,Error,Error,Error,Error,Error,Error,Error,Error
CF24 2NN,Error,Error,Error,Error,Error,Error,Error,Error
CF24 2NP,Error,Error,Error,Error,Error,Error,Error,Error
CF24 2NQ,Error,Error,Error,Error,Error,Error,Error,Error
CF24 2NR,Error,Error,Error,Error,Error,Error,Error,Error
CF24 2NS,Error,Error,Error,Error,Error,Error,Error,Error
CF24 2NT,Error,Error,Error,Error,Error,Error,Error,Error
CF24 2NU,Error,Error,Error,Error,Error,Error,Error,Error
CF24 2NW,Error,Error,Error,Error,Error,Error,Error,Error
CF24 2NX,Error,Error,Error,Error,Error,Error,Error,Error
CF24 2NY,Error,Error,Error,Error,Error,Error,Error,Error
CF24 2NZ,Error,Error,Error,Error,Error,Error,Error,Error
CF24 2PA,Error,Error,Error,Error,Error,Error,Error,Error
CF24 2PB,Error,Error,Error,Error,Error,Error,Error,Error
CF24 2PD,Error,Error,Error,Error,Error,Error,Error,Error
CF24 2PE,Error,Error,Error,Error,Error,Error,Error,Error
CF24 2PF,Error,Error,Error,Error,Error,Error,Error,Error
CF24 2PG,Error,Error,Error,Error,Error,Error,Error,Error
CF24 2PH,Error,Error,Error,Error,Error,Error,Error,Error
CF24 2PJ,Error,Error,Error,Error,Error,Error,Error,Error
CF24 2PL,Error,Error,Error,Error,Error,Error,Error,Error
CF24 2PN,Error,Error,Error,Error,Error,Error,Error,Error
CF24 2PP,Error,Error,Error,Error,Error,Error,Error,Error
CF24 2PQ,Error,Error,Error,Error,Error,Error,Error,Error
CF24 2PR,Error,Error,Error,Error,Error,Error,Error,Error
CF24 2PS,Error,Error,Error,Error,Error,Error,Error,Error
CF24 2PT,Error,Error,Error,Error,Error,Error,Error,Error
CF24 2PU,Error,Error,Error,Error,Error,Error,Error,Error
CF24 2PW,Error,Error,Error,Error,Error,Error,Error,Error
CF24 2PX,Error,Error,Error,Error,Error,Error,Error,Error
CF24 2PY,Error,Error,Error,Error,Error,Error,Error,Error
CF24 2PZ,Error,Error,Error,Error,Error,Error,Error,Error
CF24 2QA,Error,Error,Error,Error,Error,Error,Error,Error
CF24 2QB,Error,Error,Error,Error,Error,Error,Error,Error
CF24 2QD,Error,Error,Error,Error,Error,Error,Error,Error
CF24 2QE,Error,Error,Error,Error,Error,Error,Error,Error
CF24 2QF,Error,Error,Error,Error,Error,Error,Error,Error
CF24 2QG,Error,Error,Error,Error,Error,Error,Error,Error
CF24 2QH,Error,Error,Error,Error,Error,Error,Error,Error
CF24 2QJ,Error,Error,Error,Error,Error,Error,Error,Error
CF24 2QL,Error,Error,Error,Error,Error,Error,Error,Error
CF24 2QN,Error,Error,Error,Error,Error,Error,Error,Error
CF24 2QP,Error,Error,Error,Error,Error,Error,Error,Error
CF24 2QQ,Error,Error,Error,Error,Error,Error,Error,Error
CF24 2QR,Error,Error,Error,Error,Error,Error,Error,Error
CF24 2QS,Error,Error,Error,Error,Error,Error,Error,Error
